[
  {
    "model": "core.user",
    "pk": 1,
    "fields": {
      "created_at": "2025-01-25T16:42:19.447Z",
      "updated_at": "2025-01-25T16:42:19.447Z",
      "username": "Pepito",
      "password": "123456",
      "avatar": null,
      "email": "pe@pi.to",
      "is_online": false
    }
  },
  {
    "model": "core.user",
    "pk": 2,
    "fields": {
      "created_at": "2025-01-25T16:42:57.268Z",
      "updated_at": "2025-01-25T16:42:57.268Z",
      "username": "filogonio",
      "password": "1234",
      "avatar": null,
      "email": "filo@go.nio",
      "is_online": false
    }
  },
  {
    "model": "core.user",
    "pk": 3,
    "fields": {
      "created_at": "2025-01-25T16:43:19.564Z",
      "updated_at": "2025-01-25T16:43:19.564Z",
      "username": "onesiforo",
      "password": "asdfgh",
      "avatar": null,
      "email": "one@si.foro",
      "is_online": false
    }
  },
  {
    "model": "core.user",
    "pk": 5,
    "fields": {
      "created_at": "2025-01-31T17:40:16.237Z",
      "updated_at": "2025-01-31T17:40:16.237Z",
      "username": "Sofía",
      "password": "sf_1*2*3*",
      "avatar": null,
      "email": "sofia@gmail.com",
      "is_online": false
    }
  },
  {
    "model": "core.user",
    "pk": 6,
    "fields": {
      "created_at": "2025-01-31T17:41:19.765Z",
      "updated_at": "2025-01-31T17:41:19.765Z",
      "username": "Javier",
      "password": "Jvr_1-2-3* *",
      "avatar": null,
      "email": "javier@gmail.com",
      "is_online": false
    }
  },
  {
    "model": "core.user",
    "pk": 7,
    "fields": {
      "created_at": "2025-01-31T17:45:30.219Z",
      "updated_at": "2025-01-31T17:45:30.219Z",
      "username": "Antonio",
      "password": "NtN-@#@#~½¬~{",
      "avatar": null,
      "email": "antonio@gmail.com",
      "is_online": false
    }
  },
  {
    "model": "core.user",
    "pk": 8,
    "fields": {
      "created_at": "2025-01-31T17:45:30.219Z",
      "updated_at": "2025-01-31T17:45:30.219Z",
      "username": "Laura",
      "password": "sjadh fhh sbdbgd",
      "avatar": null,
      "email": "laura@gmail.com",
      "is_online": false
    }
  },
  {
    "model": "core.user",
    "pk": 9,
    "fields": {
      "created_at": "2025-01-31T17:45:30.219Z",
      "updated_at": "2025-01-31T17:45:30.219Z",
      "username": "Elena",
      "password": " hoprguhgdhdf dfjnvdjbdf",
      "avatar": null,
      "email": "elena@gmail.com",
      "is_online": false
    }
  },
  {
    "model": "core.user",
    "pk": 10,
    "fields": {
      "created_at": "2025-01-31T17:45:30.219Z",
      "updated_at": "2025-01-31T17:45:30.219Z",
      "username": "Roberto",
      "password": "**********",
      "avatar": null,
      "email": "roberto@gmail.com",
      "is_online": false
    }
  },
  {
    "model": "core.user",
    "pk": 11,
    "fields": {
      "created_at": "2025-01-31T17:45:30.219Z",
      "updated_at": "2025-01-31T17:45:30.219Z",
      "username": "Alejandro",
      "password": "            ",
      "avatar": null,
      "email": "alejandro@gmail.com",
      "is_online": false
    }
  },
  {
    "model": "core.user",
    "pk": 12,
    "fields": {
      "created_at": "2025-01-31T17:45:30.219Z",
      "updated_at": "2025-01-31T17:45:30.219Z",
      "username": "Manuel",
      "password": "ASDFGHJERTYUIXCVBNM",
      "avatar": null,
      "email": "manuel@gmail.com",
      "is_online": false
    }
  },
  {
    "model": "core.friends",
    "pk": 1,
    "fields": {
      "user_id": 1,
      "friend_id": 2,
      "created_at": "2025-01-26T09:24:28.408Z",
      "status": "sent"
    }
  },
  {
    "model": "core.friends",
    "pk": 2,
    "fields": {
      "user_id": 1,
      "friend_id": 3,
      "created_at": "2025-01-26T09:24:40.342Z",
      "status": "accepted"
    }
  },
  {
    "model": "core.friends",
    "pk": 3,
    "fields": {
      "user_id": 2,
      "friend_id": 3,
      "created_at": "2025-01-26T09:24:50.001Z",
      "status": "declined"
    }
  },
  {
    "model": "core.friends",
    "pk": 4,
    "fields": {
      "user_id": 3,
      "friend_id": 1,
      "created_at": "2025-01-26T09:36:38.027Z",
      "status": "accepted"
    }
  },
  {
    "model": "core.stats",
    "pk": 1,
    "fields": {
      "user_id": 5,
      "victories": 5,
      "defeats": 3,
      "total_matches": 8,
      "total_tournaments": 4,
      "tournaments_victories": 1
    }
  },
  {
    "model": "core.stats",
    "pk": 2,
    "fields": {
      "user_id": 6,
      "victories": 0,
      "defeats": 2,
      "total_matches": 2,
      "total_tournaments": 2,
      "tournaments_victories": 0
    }
  },
  {
    "model": "core.stats",
    "pk": 3,
    "fields": {
      "user_id": 7,
      "victories": 5,
      "defeats": 1,
      "total_matches": 6,
      "total_tournaments": 3,
      "tournaments_victories": 2
    }
  },
  {
    "model": "core.stats",
    "pk": 4,
    "fields": {
      "user_id": 8,
      "victories": 3,
      "defeats": 3,
      "total_matches": 6,
      "total_tournaments": 4,
      "tournaments_victories": 1
    }
  },
  {
    "model": "core.stats",
    "pk": 5,
    "fields": {
      "user_id": 9,
      "victories": 6,
      "defeats": 3,
      "total_matches": 9,
      "total_tournaments": 5,
      "tournaments_victories": 2
    }
  },
  {
    "model": "core.stats",
    "pk": 6,
    "fields": {
      "user_id": 10,
      "victories": 0,
      "defeats": 4,
      "total_matches": 4,
      "total_tournaments": 4,
      "tournaments_victories": 0
    }
  },
  {
    "model": "core.stats",
    "pk": 7,
    "fields": {
      "user_id": 11,
      "victories": 5,
      "defeats": 3,
      "total_matches": 8,
      "total_tournaments": 3,
      "tournaments_victories": 0
    }
  },
  {
    "model": "core.stats",
    "pk": 8,
    "fields": {
      "user_id": 12,
      "victories": 0,
      "defeats": 3,
      "total_matches": 3,
      "total_tournaments": 3,
      "tournaments_victories": 0
    }
  },
  {
    "model": "core.tournaments",
    "pk": 1,
    "fields": {
      "tournament_name": "SuperLiga",
      "start_date": "2025-01-24T18:19:17.990Z",
      "end_date": "2025-01-25T18:19:17.990Z",
      "players": [
        5,
        6,
        7,
        8,
        9,
        10,
        11,
        12
      ]
    }
  },
  {
    "model": "core.tournaments",
    "pk": 2,
    "fields": {
      "tournament_name": "Copa del Rey",
      "start_date": "2025-01-26T21:20:50.327Z",
      "end_date": "2025-01-27T02:20:50.327Z",
      "players": [
        5,
        6,
        7,
        8,
        9,
        10,
        11,
        12
      ]
    }
  },
  {
    "model": "core.tournaments",
    "pk": 3,
    "fields": {
      "tournament_name": "Alevines",
      "start_date": "2025-01-25T11:11:00Z",
      "end_date": "2025-01-25T14:14:00Z",
      "players": [
        9,
        10,
        5,
        7
      ]
    }
  },
  {
    "model": "core.tournaments",
    "pk": 4,
    "fields": {
      "tournament_name": "Teresa Rivero",
      "start_date": "2025-01-27T12:21:00Z",
      "end_date": "2025-01-29T14:42:00Z",
      "players": [
        8,
        9,
        11,
        5
      ]
    }
  },
  {
    "model": "core.tournaments",
    "pk": 5,
    "fields": {
      "tournament_name": "Villa de Madrid",
      "start_date": "2025-01-27T21:21:00Z",
      "end_date": "2025-01-29T22:23:00Z",
      "players": [
        9,
        12
      ]
    }
  },
  {
    "model": "core.tournaments",
    "pk": 6,
    "fields": {
      "tournament_name": "Super Bowl XLIX",
      "start_date": "2025-01-30T05:00:00Z",
      "end_date": "2025-01-30T08:58:00Z",
      "players": [
        8,
        10
      ]
    }
  },
  {
    "model": "core.history",
    "pk": 1,
    "fields": {
      "user_id": 5,
      "result_user": 10,
      "opponent_id": 6,
      "result_opponent": 8,
      "type_match": "tournament_quarter",
      "tournament_id": 1,
      "position_match": 1,
      "date": "2025-01-25T03:35:00Z",
      "position_tournament": 0
    }
  },
  {
    "model": "core.history",
    "pk": 2,
    "fields": {
      "user_id": 6,
      "result_user": 8,
      "opponent_id": 5,
      "result_opponent": 10,
      "type_match": "tournament_quarter",
      "tournament_id": 1,
      "position_match": 2,
      "date": "2025-01-25T03:35:00Z",
      "position_tournament": 0
    }
  },
  {
    "model": "core.history",
    "pk": 3,
    "fields": {
      "user_id": 7,
      "result_user": 10,
      "opponent_id": 8,
      "result_opponent": 7,
      "type_match": "tournament_quarter",
      "tournament_id": 1,
      "position_match": 1,
      "date": "2025-01-26T03:41:00Z",
      "position_tournament": 0
    }
  },
  {
    "model": "core.history",
    "pk": 4,
    "fields": {
      "user_id": 8,
      "result_user": 7,
      "opponent_id": 7,
      "result_opponent": 10,
      "type_match": "tournament_quarter",
      "tournament_id": 1,
      "position_match": 2,
      "date": "2025-01-26T03:41:00Z",
      "position_tournament": 0
    }
  },
  {
    "model": "core.history",
    "pk": 5,
    "fields": {
      "user_id": 9,
      "result_user": 10,
      "opponent_id": 10,
      "result_opponent": 9,
      "type_match": "tournament_quarter",
      "tournament_id": 1,
      "position_match": 1,
      "date": "2025-01-26T10:12:00Z",
      "position_tournament": 0
    }
  },
  {
    "model": "core.history",
    "pk": 6,
    "fields": {
      "user_id": 10,
      "result_user": 9,
      "opponent_id": 9,
      "result_opponent": 10,
      "type_match": "tournament_quarter",
      "tournament_id": 1,
      "position_match": 2,
      "date": "2025-01-26T10:12:00Z",
      "position_tournament": 0
    }
  },
  {
    "model": "core.history",
    "pk": 7,
    "fields": {
      "user_id": 11,
      "result_user": 10,
      "opponent_id": 12,
      "result_opponent": 6,
      "type_match": "tournament_quarter",
      "tournament_id": 1,
      "position_match": 1,
      "date": "2025-01-26T07:52:00Z",
      "position_tournament": 0
    }
  },
  {
    "model": "core.history",
    "pk": 8,
    "fields": {
      "user_id": 12,
      "result_user": 6,
      "opponent_id": 11,
      "result_opponent": 10,
      "type_match": "tournament_quarter",
      "tournament_id": 1,
      "position_match": 2,
      "date": "2025-01-26T07:52:00Z",
      "position_tournament": 0
    }
  },
  {
    "model": "core.history",
    "pk": 9,
    "fields": {
      "user_id": 5,
      "result_user": 10,
      "opponent_id": 7,
      "result_opponent": 7,
      "type_match": "tournament_semi",
      "tournament_id": 1,
      "position_match": 1,
      "date": "2025-01-28T05:20:00Z",
      "position_tournament": 0
    }
  },
  {
    "model": "core.history",
    "pk": 10,
    "fields": {
      "user_id": 7,
      "result_user": 7,
      "opponent_id": 5,
      "result_opponent": 10,
      "type_match": "tournament_semi",
      "tournament_id": 1,
      "position_match": 2,
      "date": "2025-01-28T05:20:00Z",
      "position_tournament": 0
    }
  },
  {
    "model": "core.history",
    "pk": 11,
    "fields": {
      "user_id": 9,
      "result_user": 10,
      "opponent_id": 11,
      "result_opponent": 8,
      "type_match": "tournament_semi",
      "tournament_id": 1,
      "position_match": 1,
      "date": "2025-01-28T12:00:00Z",
      "position_tournament": 0
    }
  },
  {
    "model": "core.history",
    "pk": 12,
    "fields": {
      "user_id": 11,
      "result_user": 8,
      "opponent_id": 9,
      "result_opponent": 10,
      "type_match": "tournament_semi",
      "tournament_id": 1,
      "position_match": 2,
      "date": "2025-01-28T12:00:00Z",
      "position_tournament": 0
    }
  },
  {
    "model": "core.history",
    "pk": 13,
    "fields": {
      "user_id": 5,
      "result_user": 9,
      "opponent_id": 9,
      "result_opponent": 10,
      "type_match": "tournament_final",
      "tournament_id": 1,
      "position_match": 2,
      "date": "2025-01-28T15:45:00Z",
      "position_tournament": 2
    }
  },
  {
    "model": "core.history",
    "pk": 14,
    "fields": {
      "user_id": 9,
      "result_user": 10,
      "opponent_id": 5,
      "result_opponent": 9,
      "type_match": "tournament_final",
      "tournament_id": 1,
      "position_match": 1,
      "date": "2025-01-28T15:45:00Z",
      "position_tournament": 1
    }
  },
  {
    "model": "core.history",
    "pk": 15,
    "fields": {
      "user_id": 7,
      "result_user": 10,
      "opponent_id": 6,
      "result_opponent": 6,
      "type_match": "tournament_quarter",
      "tournament_id": 2,
      "position_match": 1,
      "date": "2025-01-13T18:31:00Z",
      "position_tournament": 0
    }
  },
  {
    "model": "core.history",
    "pk": 16,
    "fields": {
      "user_id": 6,
      "result_user": 6,
      "opponent_id": 7,
      "result_opponent": 10,
      "type_match": "tournament_quarter",
      "tournament_id": 2,
      "position_match": 2,
      "date": "2025-01-13T18:31:00Z",
      "position_tournament": 0
    }
  },
  {
    "model": "core.history",
    "pk": 17,
    "fields": {
      "user_id": 9,
      "result_user": 10,
      "opponent_id": 12,
      "result_opponent": 9,
      "type_match": "tournament_quarter",
      "tournament_id": 2,
      "position_match": 1,
      "date": "2025-01-13T21:46:00Z",
      "position_tournament": 0
    }
  },
  {
    "model": "core.history",
    "pk": 18,
    "fields": {
      "user_id": 12,
      "result_user": 9,
      "opponent_id": 9,
      "result_opponent": 10,
      "type_match": "tournament_quarter",
      "tournament_id": 2,
      "position_match": 2,
      "date": "2025-01-13T21:46:00Z",
      "position_tournament": 0
    }
  },
  {
    "model": "core.history",
    "pk": 19,
    "fields": {
      "user_id": 8,
      "result_user": 10,
      "opponent_id": 10,
      "result_opponent": 7,
      "type_match": "tournament_quarter",
      "tournament_id": 2,
      "position_match": 1,
      "date": "2025-01-13T17:15:00Z",
      "position_tournament": 0
    }
  },
  {
    "model": "core.history",
    "pk": 20,
    "fields": {
      "user_id": 10,
      "result_user": 7,
      "opponent_id": 8,
      "result_opponent": 10,
      "type_match": "tournament_quarter",
      "tournament_id": 2,
      "position_match": 2,
      "date": "2025-01-13T17:15:00Z",
      "position_tournament": 0
    }
  },
  {
    "model": "core.history",
    "pk": 21,
    "fields": {
      "user_id": 5,
      "result_user": 10,
      "opponent_id": 11,
      "result_opponent": 8,
      "type_match": "tournament_quarter",
      "tournament_id": 2,
      "position_match": 1,
      "date": "2025-01-12T23:11:00Z",
      "position_tournament": 0
    }
  },
  {
    "model": "core.history",
    "pk": 22,
    "fields": {
      "user_id": 11,
      "result_user": 8,
      "opponent_id": 5,
      "result_opponent": 10,
      "type_match": "tournament_quarter",
      "tournament_id": 2,
      "position_match": 2,
      "date": "2025-01-12T23:11:00Z",
      "position_tournament": 0
    }
  },
  {
    "model": "core.history",
    "pk": 23,
    "fields": {
      "user_id": 7,
      "result_user": 10,
      "opponent_id": 9,
      "result_opponent": 8,
      "type_match": "tournament_semi",
      "tournament_id": 2,
      "position_match": 1,
      "date": "2025-01-15T05:39:00Z",
      "position_tournament": 0
    }
  },
  {
    "model": "core.history",
    "pk": 24,
    "fields": {
      "user_id": 9,
      "result_user": 8,
      "opponent_id": 7,
      "result_opponent": 10,
      "type_match": "tournament_semi",
      "tournament_id": 2,
      "position_match": 2,
      "date": "2025-01-15T05:39:00Z",
      "position_tournament": 0
    }
  },
  {
    "model": "core.history",
    "pk": 25,
    "fields": {
      "user_id": 8,
      "result_user": 10,
      "opponent_id": 5,
      "result_opponent": 6,
      "type_match": "tournament_semi",
      "tournament_id": 2,
      "position_match": 1,
      "date": "2025-01-15T16:45:00Z",
      "position_tournament": 0
    }
  },
  {
    "model": "core.history",
    "pk": 26,
    "fields": {
      "user_id": 5,
      "result_user": 6,
      "opponent_id": 8,
      "result_opponent": 10,
      "type_match": "tournament_semi",
      "tournament_id": 2,
      "position_match": 2,
      "date": "2025-01-15T16:45:00Z",
      "position_tournament": 0
    }
  },
  {
    "model": "core.history",
    "pk": 27,
    "fields": {
      "user_id": 7,
      "result_user": 10,
      "opponent_id": 8,
      "result_opponent": 2,
      "type_match": "tournament_final",
      "tournament_id": 2,
      "position_match": 1,
      "date": "2025-01-17T08:04:00Z",
      "position_tournament": 1
    }
  },
  {
    "model": "core.history",
    "pk": 28,
    "fields": {
      "user_id": 8,
      "result_user": 2,
      "opponent_id": 7,
      "result_opponent": 10,
      "type_match": "tournament_final",
      "tournament_id": 2,
      "position_match": 2,
      "date": "2025-01-17T08:04:00Z",
      "position_tournament": 2
    }
  },
  {
    "model": "core.history",
    "pk": 29,
    "fields": {
      "user_id": 7,
      "result_user": 10,
      "opponent_id": 5,
      "result_opponent": 7,
      "type_match": "tournament_semi",
      "tournament_id": 3,
      "position_match": 1,
      "date": "2025-01-05T06:35:00Z",
      "position_tournament": 0
    }
  },
  {
    "model": "core.history",
    "pk": 30,
    "fields": {
      "user_id": 5,
      "result_user": 7,
      "opponent_id": 7,
      "result_opponent": 10,
      "type_match": "tournament_semi",
      "tournament_id": 3,
      "position_match": 2,
      "date": "2025-01-05T06:35:00Z",
      "position_tournament": 0
    }
  },
  {
    "model": "core.history",
    "pk": 31,
    "fields": {
      "user_id": 9,
      "result_user": 10,
      "opponent_id": 10,
      "result_opponent": 6,
      "type_match": "tournament_semi",
      "tournament_id": 3,
      "position_match": 1,
      "date": "2025-01-05T16:41:00Z",
      "position_tournament": 0
    }
  },
  {
    "model": "core.history",
    "pk": 32,
    "fields": {
      "user_id": 10,
      "result_user": 6,
      "opponent_id": 9,
      "result_opponent": 10,
      "type_match": "tournament_semi",
      "tournament_id": 3,
      "position_match": 2,
      "date": "2025-01-05T16:41:00Z",
      "position_tournament": 0
    }
  },
  {
    "model": "core.history",
    "pk": 33,
    "fields": {
      "user_id": 7,
      "result_user": 10,
      "opponent_id": 9,
      "result_opponent": 4,
      "type_match": "tournament_final",
      "tournament_id": 3,
      "position_match": 1,
      "date": "2025-01-07T08:38:00Z",
      "position_tournament": 1
    }
  },
  {
    "model": "core.history",
    "pk": 34,
    "fields": {
      "user_id": 9,
      "result_user": 4,
      "opponent_id": 7,
      "result_opponent": 10,
      "type_match": "tournament_final",
      "tournament_id": 3,
      "position_match": 2,
      "date": "2025-01-07T08:38:00Z",
      "position_tournament": 2
    }
  },
  {
    "model": "core.history",
    "pk": 35,
    "fields": {
      "user_id": 5,
      "result_user": 10,
      "opponent_id": 8,
      "result_opponent": 6,
      "type_match": "tournament_semi",
      "tournament_id": 4,
      "position_match": 1,
      "date": "2025-01-02T06:39:00Z",
      "position_tournament": 0
    }
  },
  {
    "model": "core.history",
    "pk": 36,
    "fields": {
      "user_id": 8,
      "result_user": 6,
      "opponent_id": 5,
      "result_opponent": 10,
      "type_match": "tournament_semi",
      "tournament_id": 4,
      "position_match": 2,
      "date": "2025-01-02T06:39:00Z",
      "position_tournament": 0
    }
  },
  {
    "model": "core.history",
    "pk": 37,
    "fields": {
      "user_id": 11,
      "result_user": 10,
      "opponent_id": 9,
      "result_opponent": 9,
      "type_match": "tournament_semi",
      "tournament_id": 4,
      "position_match": 1,
      "date": "2025-01-02T16:45:00Z",
      "position_tournament": 0
    }
  },
  {
    "model": "core.history",
    "pk": 38,
    "fields": {
      "user_id": 9,
      "result_user": 9,
      "opponent_id": 11,
      "result_opponent": 10,
      "type_match": "tournament_semi",
      "tournament_id": 4,
      "position_match": 2,
      "date": "2025-01-02T16:45:00Z",
      "position_tournament": 0
    }
  },
  {
    "model": "core.history",
    "pk": 39,
    "fields": {
      "user_id": 5,
      "result_user": 10,
      "opponent_id": 11,
      "result_opponent": 0,
      "type_match": "tournament_final",
      "tournament_id": 4,
      "position_match": 1,
      "date": "2025-01-04T08:42:00Z",
      "position_tournament": 1
    }
  },
  {
    "model": "core.history",
    "pk": 40,
    "fields": {
      "user_id": 11,
      "result_user": 0,
      "opponent_id": 5,
      "result_opponent": 10,
      "type_match": "tournament_final",
      "tournament_id": 4,
      "position_match": 2,
      "date": "2025-01-04T08:42:00Z",
      "position_tournament": 2
    }
  },
  {
    "model": "core.history",
    "pk": 41,
    "fields": {
      "user_id": 9,
      "result_user": 10,
      "opponent_id": 12,
      "result_opponent": 2,
      "type_match": "tournament_final",
      "tournament_id": 5,
      "position_match": 1,
      "date": "2025-01-30T10:47:00Z",
      "position_tournament": 1
    }
  },
  {
    "model": "core.history",
    "pk": 42,
    "fields": {
      "user_id": 12,
      "result_user": 2,
      "opponent_id": 9,
      "result_opponent": 10,
      "type_match": "tournament_final",
      "tournament_id": 5,
      "position_match": 2,
      "date": "2025-01-30T10:47:00Z",
      "position_tournament": 2
    }
  },
  {
    "model": "core.history",
    "pk": 45,
    "fields": {
      "user_id": 8,
      "result_user": 10,
      "opponent_id": 10,
      "result_opponent": 3,
      "type_match": "tournament_final",
      "tournament_id": 6,
      "position_match": 1,
      "date": "2025-01-31T23:37:00Z",
      "position_tournament": 1
    }
  },
  {
    "model": "core.history",
    "pk": 46,
    "fields": {
      "user_id": 10,
      "result_user": 3,
      "opponent_id": 8,
      "result_opponent": 10,
      "type_match": "tournament_final",
      "tournament_id": 6,
      "position_match": 2,
      "date": "2025-01-31T23:37:00Z",
      "position_tournament": 2
    }
  }
]
